{"priors": {"No": 0.35714285714285715, "Yes": 0.6428571428571429}, "likelihoods": {"Outlook": {"No": {"Sunny": 0.5, "Overcast": 0.125, "Rain": 0.375}, "Yes": {"Sunny": 0.25, "Overcast": 0.4166666666666667, "Rain": 0.3333333333333333}}, "Temperature": {"No": {"Hot": 0.375, "Mild": 0.375, "Cool": 0.25}, "Yes": {"Hot": 0.25, "Mild": 0.4166666666666667, "Cool": 0.3333333333333333}}, "Humidity": {"No": {"High": 0.7142857142857143, "Normal": 0.2857142857142857}, "Yes": {"High": 0.36363636363636365, "Normal": 0.6363636363636364}}, "Wind": {"No": {"Weak": 0.42857142857142855, "Strong": 0.5714285714285714}, "Yes": {"Weak": 0.6363636363636364, "Strong": 0.36363636363636365}}}, "classes": ["No", "Yes"]}