{"priors": {"Yes": 0.6428571428571429, "No": 0.35714285714285715}, "likelihoods": {"Outlook": {"Yes": {"Sunny": 0.25, "Overcast": 0.4166666666666667, "Rain": 0.3333333333333333}, "No": {"Sunny": 0.5, "Overcast": 0.125, "Rain": 0.375}}, "Temperature": {"Yes": {"Hot": 0.25, "Mild": 0.4166666666666667, "Cool": 0.3333333333333333}, "No": {"Hot": 0.375, "Mild": 0.375, "Cool": 0.25}}, "Humidity": {"Yes": {"High": 0.36363636363636365, "Normal": 0.6363636363636364}, "No": {"High": 0.7142857142857143, "Normal": 0.2857142857142857}}, "Wind": {"Yes": {"Weak": 0.6363636363636364, "Strong": 0.36363636363636365}, "No": {"Weak": 0.42857142857142855, "Strong": 0.5714285714285714}}}, "classes": ["Yes", "No"]}